publisher,journal,policy_level,policy_start,covered_output,reports,decisions,responses,original_submission,rejected_only,review_license,example_doi,example_review_url,observation,checked_on
Nature Portfolio,Nature Human Behaviour,optional,"2019-12-01 submissions",published research articles,yes,yes,yes,not promised,not promised,"example CC BY 4.0",10.1038/s41562-025-02358-4,https://media.springernature.com/original/springer-static/esm/art%3A10.1038%2Fs41562-025-02358-4/MediaObjects/41562_2025_2358_MOESM3_ESM.pdf,"bundle inspected; round-labelled letters/reviews/responses; no submitted manuscript",2026-09-07
Nature Portfolio,Nature Communications,mandatory,"2022-11-01 submissions; optional from 2016-01",published primary research,yes,not consistently specified,yes,not promised,not promised,"example CC BY 4.0",10.1038/s41467-024-50000-0,https://media.springernature.com/original/springer-static/esm/art%3A10.1038%2Fs41467-024-50000-0/MediaObjects/41467_2024_50000_MOESM2_ESM.pdf,"bundle inspected; reviews and author material; no submitted manuscript",2026-09-07
Nature Portfolio,Communications Psychology,mandatory/current workflow,"journal current policy",published covered article types,yes,yes,yes,not promised,not promised,"example CC BY 4.0",10.1038/s44271-025-00312-8,https://media.springernature.com/original/springer-static/esm/art%3A10.1038%2Fs44271-025-00312-8/MediaObjects/44271_2025_312_MOESM1_ESM.pdf,"bundle inspected; Versions 0-2 are correspondence rounds; no submitted manuscript",2026-09-07
Nature Portfolio,Nature,mandatory,"2025-06-16 new submissions; opt-in from 2020",published research articles,yes,not promised,yes,not promised,not promised,"article-specific; verify file",10.1038/s41586-021-04055-4,https://www.nature.com/articles/s41586-021-04055-4,"opt-in-era article page exposes peer-review file; no submitted manuscript link observed",2026-09-07
Royal Society,Royal Society Open Science,mandatory,"current; exact transition date unresolved",published papers,yes,yes,yes,not promised,not promised,CC BY 4.0,10.1098/rsos.160827,https://pure.uva.nl/ws/files/87903355/rsos160827_review_history.pdf,"bundle inspected; R0 review label and chronology, but no R0 manuscript",2026-09-07
Royal Society,Open Biology,mandatory,"current; exact transition date unresolved",published papers,yes,yes,yes,not promised,not promised,CC BY 4.0,,,"policy verified; article-level package not independently inspected in this pass",2026-09-07
Royal Society,Proceedings B,mandatory,"current; exact transition date unresolved",published papers,yes,yes,yes,not promised,not promised,CC BY 4.0,,,"policy verified; article-level package not independently inspected in this pass",2026-09-07
Royal Society,Proceedings A,optional,"current; exact introduction date unresolved",participating published papers,yes,yes,yes,not promised,not promised,CC BY 4.0,,,"policy verified; article-level package not independently inspected in this pass",2026-09-07
Royal Society,Biology Letters,optional,"current; exact introduction date unresolved",participating published papers,yes,yes,yes,not promised,not promised,CC BY 4.0,,,"policy verified; article-level package not independently inspected in this pass",2026-09-07
AAAS,Science Advances,unlocated,,unknown,unverified,unverified,unverified,unverified,unverified,unknown,,,"official public-review-publication workflow and article bundle not located; do not infer journal-wide absence",2026-09-07
